epoch,train_loss,val_loss,ccr,precision,recall,sensibility,specifity,f1_score,jaccard_coef,dsc_coef,roc_auc,pr_auc,hausdorf_error
1,0.6600732939078076,0.6092129786809285,0.9510911166928221,0.7305380815790377,0.8552533361480936,0.8552533361480936,0.9619062608283337,0.7720480546584436,0.6504646775500195,0.7446918247200098,0.9083897235518943,0.8179085415055038,4.309526387299568
2,0.6118029839921706,0.5921990911165873,0.9586136330683679,0.888003887064339,0.7391168215929035,0.7391168215929035,0.9821602823582829,0.8044247666546888,0.6771285141625408,0.7532480474421273,0.8604591124089949,0.8365551063257117,3.9466428404412053
3,0.5813504658123054,0.5477241496245067,0.9657150335186954,0.7905561470403584,0.8821751380750148,0.8821751380750148,0.976747397485206,0.8384148237323212,0.7229872290623344,0.8009640710860993,0.9292343880307788,0.8596632292738198,3.82360238673613
4,0.5554299446025698,0.5310592075188955,0.9621638002353985,0.7485612168435264,0.9281805994252202,0.9281805994252202,0.9667440241182157,0.8284570681828064,0.7044029298308266,0.7857935664955729,0.9473557627039619,0.8635639480090053,4.012343682277161
5,0.5329055526469013,0.5010191082954407,0.9688957913994268,0.8222406896178557,0.9081428614179967,0.9081428614179967,0.9765238718090051,0.8700067847326581,0.757889669060067,0.8304866896628332,0.9422866111667967,0.8882468831664722,3.649623803099971
6,0.5110357955540761,0.4833881616592407,0.9683256857259825,0.86402850640571,0.8621692388802898,0.8621692388802898,0.9800468655432649,0.8624099781245156,0.7663294990129541,0.835125263877833,0.9209620851701289,0.8762040754388623,3.6283865659801933
7,0.49183502468732326,0.4636954645315806,0.9716522350061408,0.8462336176884954,0.8801011619554345,0.8801011619554345,0.9845737260955594,0.8677575643261859,0.7629184389118148,0.8321741324459824,0.9320437495827547,0.8877186519624051,3.5828837072232096
